start	end	text
0	5040	What if, what if the reason you haven't found your ultimate cosmic purpose in life
5040	7680	is simply because the universe just forgot to write one for you?
8240	10320	Right. Like it just slipped its mind entirely.
10320	15920	Exactly. And what if realizing that is actually the most liberating news you will hear all year?
16400	22640	I mean, if you've ever felt crushed by the pressure to figure out what you are meant to do.
22640	24560	Which I think most of us have at some point.
24560	28960	Oh, 100%. It feels like there's this golden ticket hidden somewhere.
28960	31600	And you are just failing by not finding it.
32320	35520	Well, this deep dive is going to take a massive weight off your shoulders.
35520	40480	We really do carry around this heavy assumption that the objective meaning of our lives is
42080	44640	it's like a hidden treasure waiting to be unearthed.
44640	48080	We think if we just read the right book or I don't know, take the right job,
48080	49040	find the right partner.
49040	52240	The universe will suddenly click into place and validate our existence.
52240	52880	Exactly.
53520	57760	But the source material we were pulling apart today flips that entirely on its head.
57840	63680	Yeah, we are getting into a deeply thought-provoking essay by Sangyi Yun.
63680	67200	It's titled coming back to the human A sequel to Why Do We Live.
67840	71440	And in the original piece, the author laid down a pretty radical premise, which is that
72080	74000	meaning is not something you discover.
74000	75600	It is something you create.
75600	76640	Right. There is no script.
76640	77600	No script at all.
77600	81360	But I mean, that leaves us with a terrifying, massive blank page.
81360	84000	Because if meaning is entirely up to us,
84720	86640	what on earth should we build it around?
86640	88320	That is the million dollar question.
88320	92720	Yeah, if there's no cosmic rulebook, how do we decide what is actually worth caring about?
92720	94320	Okay, let's unpack this.
94320	98080	So to even begin answering what we should value,
98080	102000	we have to look at the primary tool we use to figure things out, which is language.
102800	105680	And we hit a wall almost immediately here.
105680	106000	Right.
106000	109760	Because the author points out that language actually fails us completely when we try to talk about
109760	110560	ultimate meaning.
110560	110880	Yeah.
110880	115600	There's this famous line from the philosopher Lou Bigwick and Stein from his book The Trek Tattas,
115680	120000	where he says, where of one cannot speak, there of one must be silent.
120000	123360	Wow. That sounds like a, like a philosophical mic drop.
123360	124240	It really is.
124240	129280	You reach the edge of what words can accurately describe and you just have to shut up.
129280	131840	But how does someone actually reach that edge?
131840	134640	Because it feels like we have a word for literally everything.
134640	137040	Well, we have words for the mechanics of the world, sure.
137040	137600	Yeah.
137600	143920	But thick and Stein was using pure, rigorous logic to find the boundary of language from the inside.
144400	147200	Like imagine being in a massive dark room.
147200	148800	Okay, I'm picturing it.
148800	156560	Logic is you walking with your hands outstretched until you finally touch the cold hard wall of the room.
156560	158160	You've mapped the interior.
158160	159760	You know exactly where the language stops.
159760	160240	Right.
160240	164080	And you can point at the wall and say, there is something outside of this room,
164080	166160	but my logic cannot describe it.
166160	167360	But the catch is,
167360	168880	Vic and Stein stays inside the room.
168880	170080	Ah, see.
170160	173280	The silence he advocates for is the silence of a magician
173280	175360	who simply refuses to guess what's outside.
175360	176880	He's like a cartographer.
176880	180240	He draws this incredibly detailed map of a dense forest,
180240	184160	walks right up to the edge of the parchment, points to the blank space off the paper and says,
184800	186800	we can't go past here, the map is done.
186800	188560	Yes, perfect analogy.
188560	190560	But the map isn't the actual territory.
190560	192720	I mean, there are people who don't care about the edge of the paper.
192720	195440	They just walk off the map and into the unmap silence.
195440	196320	The explorers.
196960	201120	And the author brings up several of these explorers who don't just point at the silence,
201120	204560	but they orient their entire being toward experiencing it.
205360	207440	Like in the West, you have Edmund Husswell,
207440	210320	who developed a contemplative practice called the epicky.
210320	210960	Okay, wait.
210960	212720	How does that actually work in practice?
212720	216480	Because contemplative practice can sound a bit, you know, abstract.
216480	220720	But through it right now, imagine you are holding a standard ceramic coffee cup.
220720	221760	Okay, got it.
221760	224800	Normally, your brain instantly labels it, right?
224800	229120	Coffee cup, use for drinking, holds hot liquid, costs five dollars.
229920	235120	You've applied human utility, history, and economics to it before you even really looked at it.
235120	236320	Right, it's instantaneous.
236320	236880	Exactly.
237600	242000	But Husswell's epique is the rigorous practice of spipping all of that away.
242000	245520	You suspend your judgment about its use, you stop calling it a cup.
245520	246560	So you just look at it.
246560	249120	You just observe the curve of the ceramic,
249120	254480	but the light hits the glaze, the sheer undeniable presence of this object existing in space.
255040	257200	You aren't logically deducing anything.
257200	261520	You are training your attention to experience the raw phenomena
261520	263520	before language gets its hands on it.
263520	264480	Oh, wow.
264480	264960	Yeah.
264960	268240	And Martin Heidegger took a very similar path with his concept of
268240	271840	glass and height or a releasement, which is just letting things be
271840	274720	underneath the human obsession with naming and using them.
274720	276000	That makes a lot of sense.
276000	277920	If they can Stein is drawing the map,
277920	281840	those guys are trying to feel the dirt under their boots in the unmapped woods.
281920	285280	And that clearly echoes Eastern contemplative traditions too,
285280	286480	especially the Buddha.
286480	286960	It does.
286960	289360	And the author highlights a brilliant paradox here.
290240	292480	The Buddha reportedly said on his deathbed,
292480	294000	I have not said a single word.
294000	295040	Which is pretty funny.
295040	295840	Right.
295840	299680	Now, if you look at that through Wittgenstein's purely logical lens,
299680	300640	it's a lie.
300640	302640	I mean, the man taught for 45 years.
302640	304960	There are thousands of pages of discourses.
304960	306560	Yeah, quite a few words, actually.
306560	307120	Exactly.
307680	310080	But from the perspective of pure practice,
310080	312320	he was telling the absolute truth.
312320	314880	The teachings, the words, the concepts,
314880	316960	they were just fingers pointing at the moon.
316960	318320	They are the scaffolding.
318320	320400	You use the metal poles to build the building,
320400	322480	but once the building can stand on its own,
322480	323600	you take the poles away.
324320	326080	The words are just temporary tools.
326080	327120	He's exactly it.
327120	328640	I mean, the Diamond Sutra,
328640	330240	which is a core Buddhist text,
330240	331920	states that all forms are illusion.
332640	334880	The goal isn't to memorize the words.
334880	337440	The goal is what's called direct seeing.
337440	337840	Right.
337840	339520	But since we are using a podcast,
340080	342640	well, an inherently language-based medium
342640	344480	to discuss the limits of language,
344480	346400	we are stuck with the scaffolding for now.
346400	346960	Fair point.
346960	348320	We have to use words.
348320	350800	And because words and inherited cultural concepts
350800	352480	can only take us so far,
352480	354880	we need a method to figure out what is actually real.
355600	357040	If we want to know what to care about,
357040	359760	the author argues we have to bring in a demolition crew.
359760	360880	A demolition crew?
360880	362160	I like the sound of that.
362160	363920	Yes, rationality.
364640	368000	We have to take everything we consider honorable or meaningful
368080	370080	and let the demolition crew a pure reason
370080	371280	take a sledgehammer to it.
371920	373520	We need to clear out the unexamined,
373520	376240	inherited beliefs to see what's left standing.
376240	378560	Okay, let's bring the crew to the job site then.
378560	380080	Because the author targets something
380080	382480	that basically every human society holds a sacred,
382480	384320	which is romantic love.
384320	384960	Oh, yes.
384960	386960	Literature, movies, poetry.
387680	390160	They all tell us that the grand sweeping romance
390160	392560	is the ultimate noble human achievement.
392560	394080	But when you let the demolition crew
394080	396560	of rationality loose on romantic love,
396880	398960	the nobility crumbles pretty fast.
398960	400880	What you are actually looking at is just
400880	402160	evolutionary biology.
402160	403520	Oh, boy, here we go.
403520	404720	Hundreds of millions of years ago,
404720	407040	the specific DNA sequences that disposed
407040	409120	are mammalian ancestors to pair bond
409120	411200	to feel intensely attached to a mate,
411200	413520	where the sequences that successfully procreated
413520	416000	and kept offspring alive long enough to breed.
416000	417520	Okay, logically, I hear you.
417520	421120	The DNA that didn't create that desperate fiery urge
421120	422080	simply died out.
422640	426400	It is a blind, ruthless, mechanical optimization process.
426480	427200	Hold on.
427200	428320	I have to push back on this.
428320	428960	Go for it.
428960	431920	Because when I had a terrible day yesterday,
431920	433760	and my spouse sat with me on the couch,
433760	435600	put an arm around me and just listened,
436560	438960	are you telling me I am supposed to view
438960	440960	that profoundly comforting moment
441600	444000	as just a mammalian survival reflex?
444000	444400	Oh, look.
444400	446400	Because that strips the beauty right out of it.
446400	449600	It makes love sound like a biological algorithm.
449600	452560	And quite frankly, that is incredibly bleak.
452560	455200	It feels bleak because you are looking for the universe
455440	457360	to validate the beauty of that moment.
457360	458000	Dammit.
458000	461600	The author leans on the philosopher David Hune's famous is
461600	463440	Aught, distinction here.
463440	467440	Hume pointed out that you cannot derive an Aught from an is.
467440	469840	Just because love is a blind evolutionary mechanism
469840	471440	doesn't mean it ought to be meaningless to you.
471440	472480	Okay, that's a relief.
472480	474640	But, and this is the heavy swing of the sledgehammer.
474640	477040	The universe doesn't care about your moment on the couch.
477040	477840	Out.
477840	481360	The cosmos is not giving your romance a stamp of approval.
481360	484400	There is no inherent objective cosmic honor to it,
484400	486160	independent of human biology.
486160	488720	So the universe isn't endorsing my marriage.
488720	489360	Fine.
489360	491280	I can mourn the loss of cosmic romance.
492160	494880	But surely we can look at the macro scale like
494880	498400	we honor people who push the entire species forward.
498400	502160	Albert Einstein or Jensen Huang building the architecture for AI.
502160	502640	Right.
502640	503680	Massive figures.
503680	506800	We honor ambition and the flourishing of humanity.
506800	508960	That has to be an objective good.
508960	511520	Let's point the demolition crew at humanism then.
511520	514160	Why is the flourishing of humanity the highest objective
514240	515840	good because we are conscious.
515840	516880	We build art.
516880	519280	We unravel the fizzence of the universe.
519280	520800	We cure diseases.
520800	522880	We also eradicate ecosystems.
522880	523680	Well, true.
523680	526560	The author challenges this inherent bias toward humanism
526560	528880	by asking why not earthism?
528880	531840	Why not prioritize the flourishing of the planet as a whole?
531840	533920	I mean, a lot of people do advocate for that.
533920	534160	Right.
534160	536400	But if you truly adopt earthism,
536400	538880	humanity stops looking like a noble conscious species
538880	541280	and starts looking like a destructive parasite.
541280	543920	The essay specifically references that chilling scene
543920	545680	with agent Smith and the matrix
545680	548640	where he looks at Morpheus and says human beings are a virus.
548640	550000	Oh, I remember that.
550000	551440	We move to an area.
551440	554880	Multiply until every natural resource is consumed.
554880	558320	And the only way we survive is to spread to another area.
559280	561120	From an earthism perspective,
561120	563920	wiping out humanity would be the most honorable thing you could do.
563920	565520	Okay, that escalated quickly.
565520	567280	Or consider alienism.
567280	570720	If consciousness and problem solving are the metrics for nobility,
571280	574880	shouldn't we prioritize the flourishing of much older,
574880	576800	vastly more intelligent life forms
576800	578800	that might exist elsewhere in the galaxy?
578800	580480	Right, because our human effubence
580480	582160	would just look like an ant farm to them.
582160	583200	Exactly.
583200	586000	What's fascinating here is that you can't use rationality
586000	589520	to definitively prove that humanism is objectively better
589520	591280	than earthism or alienism.
591280	594240	Because every time you try to plant a flag and say,
594240	595440	this is the ultimate good.
595440	597600	The demolition crew just knocks it down.
597600	599360	Every single standpoint dissolves
599360	601040	under the pressure of pure rationality.
601760	604960	Rational logic requires foundational premises to function,
605680	607520	but it cannot prove its own premises.
608160	610720	Eventually, you run out of floorboards, you hit the void.
610720	611520	The void.
611520	614480	Yeah, there is absolutely no cosmic foundation that says
614480	616240	anything is inherently honorable.
616240	618400	Which brings up a massive problem.
618400	621840	If the demolition crew of rationality is this destructive,
622480	623840	why hire them at all?
623840	627120	Why use a tool that destroys everything we hold dear
627120	631520	and leaves us standing in a terrifying, meaningless cosmic void?
631520	635840	The author values rationality for purely pragmatic reasons.
635840	637680	I mean, you don't hire a demolition crew
637680	639200	because you love the sight of rubble.
639200	639680	Right.
639680	641680	You hire them because the building currently on the lot
641680	644080	is full of toxic mold and rotting wood.
644080	644560	Yeah.
644560	646640	Are inherited cultural programming.
646640	649280	The arbitrary rules about what success looks like,
649280	651760	who we are supposed to love, how we are supposed to work it,
651760	653840	can trap us in lives we don't actually want.
653840	655360	That is painfully true.
655440	657520	Rationality clears the lot.
657520	660720	It clears away the illusions so that we can clearly see reality.
660720	663200	If you rely on unexamined emotional reasoning,
663200	667600	you just blindly repeat whatever your surrounding culture told you was honorable.
667600	671680	I see the utility, but here's the existential dread I'm feeling right now.
671680	672160	Oh.
672160	674400	The demolition crew did a fantastic job.
674400	675760	They leveled the toxic building.
675760	678080	The cultural illusions are gone,
678080	681360	but now I am standing alone in a perfectly clean,
681360	683040	totally empty dirt lot.
683040	684160	And it's cold.
684240	685360	It's freezing out here.
685360	686880	The universe doesn't care about me.
686880	688560	Nihilism is setting in.
688560	690880	And I can't live in an empty dirt lot.
690880	692240	And you don't have to.
692240	693840	The demolition crew's job is done.
694560	696160	Now you bring in the architect.
696160	696960	Wisdom.
696960	697760	Wisdom.
697760	700320	This is the most crucial pivot in the essay, the return.
701280	704320	The author visits the void, sees the empty dirt
704320	706960	lawn, realizes there was no cosmic meaning,
706960	708400	and then comes back to the human.
708400	709120	Comes back.
709120	711920	Yes, you go back to emotions, back to love,
711920	714000	back to your family, your ambitions,
714000	715440	the messy reality of the world.
715440	717840	But I don't understand the logic of the return.
717840	720240	If the demolition crew just definitively prove
720240	721840	that love is a biological glitch
721840	723760	and ambition is a cultural illusion,
723760	725360	why on earth would I go back to them?
725360	726160	Because you were human.
726880	728720	That is the bare, inescapable,
728720	730880	physical reality of your existence.
730880	732960	You aren't some abstract floating consciousness.
732960	736160	You are a biological creature thrown into a human body.
736160	737520	Right, I can just float away.
737520	738640	Exactly.
738640	741200	These emotions, these messy attachments,
741760	743440	they are the only building materials
743440	744960	you actually have in that dirt lot.
745600	748640	You don't value them because the universe demands it.
749280	752240	You value them because it is the only ground you can stand on.
752240	753520	So it isn't a retreat.
753520	755920	I'm not closing my eyes, pretending I never saw the empty void
755920	758640	and trying to rebuild the exact same toxic house.
758640	760880	No, it is eyes wide open choice.
761360	763680	The essay connects this architect mindset
763680	767520	to Aristotelian Fernesis, which is practical wisdom.
767520	769040	Ah, right.
769040	772480	It's also Sartre's concept of the existential choice.
772480	774400	You are condemned to be free,
774400	776400	so you must choose to construct meaning.
776400	777520	Because no one else will.
777520	778720	Exactly.
778720	780000	In Mahayana Buddhism,
780000	783040	profound compassion arises spontaneously.
783040	785600	But only after the practitioner fully recognizes
785600	787360	the ultimate emptiness of all things.
787920	791040	Wisdom is knowing exactly when to send the demolition crew home
791040	792080	and start laying bricks.
792640	795280	The author brings in Sir and Kierkegaard's concept
795280	796480	of the night of faith here.
796480	797680	And I want to spend a second on this
797680	800240	because it explains the mechanics of how this actually feels.
800240	801440	Yeah, it's a great concept.
801440	803520	Kierkegaard describes a double movement.
804160	806160	First, there is infinite resignation.
806720	808640	You stand in the dirt lot.
808640	812160	You fully, painfully surrender every single attachment
812160	813520	you have to the world,
813520	816960	deeply internalizing that none of it has ultimate cosmic backing.
816960	818480	You let the ego shatter.
818480	818720	Yes.
819600	822080	But the second movement is the total return.
822080	823920	You walk back into your normal life
823920	827200	and you love it fully as if it had cosmic meaning
827200	830080	while simultaneously holding the knowledge that it doesn't.
830080	830480	Yeah.
830480	833360	Like, think about watching a toddler hand you a drawing they made.
833360	835200	It's just scribbles on cheap paper.
835200	836160	Barely legible.
836160	837120	Exactly.
837120	840080	The cosmos does not care about this piece of paper.
840080	843600	A rational demolition crew would tell you it's worthless pulp.
843600	844880	But you choose to frame it.
844880	847040	You choose to assign it infinite value.
847040	849920	Total release, followed by total return.
849920	852960	Without the release, your return is just naive attachment.
852960	856080	You are just an organism following its biological programming,
856080	858640	getting stressed about things that don't ultimately matter.
858640	862240	But without the return, the release is entirely sterile.
862240	865040	You're just a cynic, sitting alone in the dirt lot,
865760	867520	refusing to play the game of life.
867520	869840	But who is playing the game?
869840	872640	Because this raises a huge mechanical question for me.
872640	873280	Okay, what is it?
873840	877040	If the ego shattered during the first movement,
877040	880960	if we've completely surrendered our unexamined attachments
880960	885760	and recognized that our individual identity is just a biological story,
885760	888560	who exactly is making the choice to return?
889280	891760	Who is the architect designing the new house?
892400	896880	That leads us directly into the Buddha's concept of anata, or no self.
897440	900400	And we really need to clear up a massive misconception about this.
900400	901440	Yes, please do.
901440	906640	People hear no self, and they assume it means becoming a passive apathetic zombie.
906640	910720	They think, if there is no me, then nobody is home to make choices.
910720	913200	You just drift through life, letting things happen to you.
913200	915360	Yeah, it sounds like giving up your agency entirely.
915440	917760	The reality of the practice is the exact opposite.
917760	920320	When you lose the rigid, bounded self,
920320	922080	your agency doesn't disappear.
922080	923120	It becomes unbounded.
923120	923840	Unbounded.
923840	926320	Think about how much of your daily cognitive energy is spent
926320	928800	defending your tiny fragile ego.
928800	930720	We are constantly anxious about how we look,
930720	932160	protective of our status,
932160	934080	furious when someone cuts us off in traffic.
934080	935280	Exhausting, honestly.
935280	936080	It is.
936080	938480	Our wanting is incredibly small and defensive.
939760	941520	If we connect this to the bigger picture,
941520	944080	when the demolition crew destroys that small self,
944800	946640	the energy of wanting doesn't vanish.
947360	950960	The wanting of the small ego transforms into the wanting of the whole.
950960	952320	Unbounded agency.
952320	952640	Okay.
952640	955280	Let's translate this to normal every day life.
955280	956800	The essay talks about the body stuff,
956800	958160	they're returning to the marketplace.
958160	958720	Right.
958720	962080	But the marketplace isn't some dusty, ancient bizarre.
962080	964400	The marketplace is a 45-minute commute
964400	966160	in bumper to bumper traffic.
966160	968960	It's dealing with a passive-aggressive co-worker.
968960	972800	It's waking up at 3 a.m. to change a diaper when you are exhausted.
972880	974640	That is the modern marketplace.
974640	975840	And the unpounded agent,
975840	978720	the bodhisattva steps right into the middle of that mess,
978720	980880	not out of a grudging sense of biological duty,
980880	982400	but out of total free choice.
982400	983040	Wow.
983040	985520	The bodhisattva acts for the benefit of all sentient beings,
985520	988000	because having laws the boundary of the ego,
988000	991200	they recognize there is no actual separation between themselves
991200	992880	and the annoyed driver next to them,
992880	994240	or the crying baby.
994240	995840	Here's where it gets really interesting.
995840	998640	It fundamentally changes the texture of the action.
999440	1004000	When you step back into the messy, chaotic human world,
1004000	1005680	you aren't doing it out of cowardice
1005680	1007760	because the cosmic void was too scary.
1007760	1009040	Oh, not at all.
1009040	1011600	You are stepping forward to care for the world
1011600	1013360	because you are free.
1013360	1015440	You are building meaning from scratch.
1015440	1017600	You are extending your hands into the marketplace
1017600	1021520	because that is simply what an unbounded consciousness does
1021520	1024000	when it finds itself housed in a human body.
1024000	1024880	It connects.
1024880	1025680	It builds.
1025680	1026480	It helps.
1026480	1028640	In this journey, we've just taken completely
1028640	1030800	reframes the core problem we started with.
1030800	1031520	It really does.
1031520	1034160	We began this deep dive looking for the right question
1034160	1036160	to ask about our life's purpose.
1036160	1039120	We went from Vitgenstein, drawing the limits of logic,
1039120	1041760	to bringing in the demolition crew of rationality,
1041760	1044320	to tear down romantic love and humanism.
1044320	1045920	All the way to the dirt lot of the void.
1045920	1046720	Exactly.
1046720	1049280	And finally, we met the architect of wisdom,
1049280	1052160	making the double movement back into the modern marketplace.
1052800	1055600	The author proves with rigorous clarity
1055680	1058160	that looking up at the sky and asking the universe
1058160	1062480	is anything honorable, is fundamentally a broken question.
1062480	1065520	Because the cosmos is utterly silent,
1065520	1067440	demanding that the universe provide you
1067440	1070320	with a hidden list of honorable things to care about
1070320	1073360	is essentially dodging your own responsibility.
1073360	1076320	It's asking someone else to build your house for you.
1076320	1078080	The only question that holds any water is,
1078960	1080720	do I choose to honor anything?
1081440	1083600	The agency is entirely yours.
1084240	1086000	You are the engine of meaning.
1086000	1087920	You are the one doing the honoring
1087920	1090240	without any safety net or cosmic guarantee.
1090800	1093760	The essay ends with a final nod to the diamond sutra,
1093760	1096080	summarizing this exact state of mind.
1096080	1099120	It says, let the mind arise without dwelling anywhere.
1099120	1100240	You definitely said.
1100240	1104080	You don't rigidly cling to the poxic house of inherited beliefs,
1104080	1107440	but you also refuse to dwell in the empty cynical dirt
1107440	1108640	lot of nihilism.
1108640	1111040	Your mind arises freely, engaged deeply
1111040	1113440	with whatever is right in front of you fully present.
1113440	1114960	Is the ultimate creative act?
1114960	1116640	So to you, listening to this right now,
1116640	1118160	if you have been carrying around that heavy,
1118160	1121040	paralyzing anxiety, trying to discover your objective,
1121040	1122800	pre-run purpose, put it down.
1122800	1123600	So drop it.
1123600	1125520	The universe didn't give you a purpose,
1125520	1127520	but it gave you something infinitely better.
1127520	1129920	It gave you the terrifying, beautiful,
1129920	1131920	freedom to build one yourself,
1131920	1133600	the capacity to honor things,
1133600	1134800	to find things meaningful,
1134800	1137360	is a muscle you flex entirely by choice.
1137360	1138080	Absolutely.
1138080	1140160	What is one mundane,
1140160	1142400	everyday thing in your life right now
1142400	1144720	that you have been treating as just background noise,
1144720	1148240	that you could actively, deliberately choose to honor today?
1148240	1150160	Because remember, the lot is cleared,
1150160	1151920	the materials are in your hands,
1151920	1153600	and if you don't build the meaning,
1153600	1155600	no one else is going to do it for you.
